row,address,directions
"1","400-430 E 30th St, New York, NY","Walk to 400 E 30th St, New York, NY 10016, USA"
"2","1122 Franklin Ave, Bronx, NY","Walk to 28 St
Subway towards Pelham Bay Park — take the 6 Train toward Pelham Bay Park (13 stops), exit at 3 Av-138 St
Walk to Lincoln Av/E 138 St
Bus towards Westchester Sq — take the Bx21 toward Westchester Sq (9 stops), exit at Boston Rd/E 166 St
Walk to 1122 Franklin Ave, Bronx, NY 10456, USA"
"3","400-430 E 30th St, New York, NY","Walk to 400 E 30th St, New York, NY 10016, USA"
"4","151 E 151st St, Bronx, NY","Walk to 28 St
Subway towards Pelham Bay Park — take the 6 Train toward Pelham Bay Park (2 stops), exit at Grand Central-42 St
Walk to Grand Central-42 St
Subway towards Eastchester-Dyre Av — take the 5 Line toward Eastchester-Dyre Av (6 stops), exit at 3 Av-149 St
Walk to E 151st St, Bronx, NY, USA"
"5","116 Williams Ave, Brooklyn, NY","Walk to 3 Avenue & East 23 Street
Bus towards City Hall via Lex Av — take the M103 toward City Hall via Lex Av (3 stops), exit at 3 Av/E 14 St
Walk to 3 Av
Subway towards Canarsie-Rockaway Pkwy — take the L Line toward Canarsie-Rockaway Pkwy (15 stops), exit at Atlantic Av
Walk to 116 Williams Ave, Brooklyn, NY 11207, USA"
"6","100-32 Atlantic Ave, Queens, NY","Walk to E 34 St/2 Av
Bus towards Spring Creek Seaview Av via Linden Bl Via Penn Av — take the BM5 toward Spring Creek Seaview Av via Linden Bl Via Penn Av (1 stop), exit at Woodhaven Blvd/Penelope Av
Bus towards +select Bus Rockaway Park Beach 116 St — take the Q53-SBS toward +select Bus Rockaway Park Beach 116 St (4 stops), exit at Woodhaven Blvd/91 Av
Walk to 100-32 Atlantic Ave, Jamaica, NY 11416, USA"
"7","89-74 162nd Street 3rd Floor, Queens, NY","Walk to 1 Av/E 29 St
Bus towards Select Bus Service 125 St via 1 Av — take the M15-SBS toward Select Bus Service 125 St via 1 Av (3 stops), exit at 1 Av/Mitchell Pl
Walk to Lexington Av/53 St
Subway towards Jamaica Center-Parsons/Archer — take the E Line toward Jamaica Center-Parsons/Archer (8 stops), exit at Jamaica Center-Parsons/Archer
Walk to 89-74 162nd St 3rd floor, Jamaica, NY 11432, USA"
"8","1600 Central Ave, Queens, NY","Walk to E 34 St/1 Av
Bus towards Select Bus Pa Bus Trm via 34 St Via 8 Av — take the M34A-SBS toward Select Bus Pa Bus Trm via 34 St Via 8 Av (7 stops), exit at 8 Av/W 34 St
Walk to 34 St-Penn Station
Subway towards Far Rockaway-Mott Av — take the A Line toward Far Rockaway-Mott Av (25 stops), exit at Far Rockaway-Mott Av
Walk to 16-00 Central Ave, Far Rockaway, NY 11691, USA"
"9","205 Canal St, Staten Island, NY","Walk to E 23 St/1 Av
Bus towards Eltingville Trans Ctr via Hylan Via Rich — take the SIM10 toward Eltingville Trans Ctr via Hylan Via Rich (2 stops), exit at Narrows Rd North/Saint Johns Av
Walk to Hylan Blvd/Donley Av
Bus towards St George Ferry via Hylan — take the S78 toward St George Ferry via Hylan (8 stops), exit at Tompkins Av/Broad St
Walk to 205 Canal St, Staten Island, NY 10304, USA"
"10","2134 Richmond Terrace, Staten Island, NY","Walk to E 23 St/1 Av
Bus towards Eltvlle Trans Ctr via F Cap Bl Via Gfrds — take the SIM6 toward Eltvlle Trans Ctr via F Cap Bl Via Gfrds (1 stop), exit at Lily Pond Av/Mcclean Av
Walk to Mcclean Av/Lily Pond Av
Bus towards Port Richmond — take the S53 toward Port Richmond (39 stops), exit at Port Richmond Av/Richmond Terr
Walk to 2134 Richmond Ter, Staten Island, NY 10302, USA"
"11","1540 Castleton Ave, Staten Island, NY","Walk to E 23 St/1 Av
Bus towards Eltvlle Trans Ctr via F Cap Bl Via Gfrds — take the SIM6 toward Eltvlle Trans Ctr via F Cap Bl Via Gfrds (1 stop), exit at Lily Pond Av/Mcclean Av
Walk to Mcclean Av/Lily Pond Av
Bus towards Port Richmond — take the S53 toward Port Richmond (36 stops), exit at Castleton Av/Heberton Av
Walk to 1540 Castleton Ave, Staten Island, NY 10302, USA"
"12","1466 Manor Road, Staten Island, NY 10314","Walk to E 23 St/1 Av
Bus towards Eltvlle Trans Ctr via F Cap Bl Via Gfrds — take the SIM6 toward Eltvlle Trans Ctr via F Cap Bl Via Gfrds (19 stops), exit at Nelson Av/Hylan Blvd
Bus towards W New Brighton Richmond Terr — take the S54 toward W New Brighton Richmond Terr (38 stops), exit at Brielle Av/Manor Rd
Walk to 1466 Manor Rd, Staten Island, NY 10314, USA"
"13","307 Saint Marks Place, Staten Island, NY 10301","Walk to E 23 St/1 Av
Bus towards Eltingville Trans Ctr via Hylan Via Rich — take the SIM10 toward Eltingville Trans Ctr via Hylan Via Rich (5 stops), exit at Hylan Blvd/Old Town Rd
Walk to Old Town
Train towards St George — take the SIR toward St George (4 stops), exit at Tompkinsville
Walk to 307 St Marks Pl, Staten Island, NY 10301, USA"
"14","8 E 109th St, New York, NY","Walk to 28 St
Subway towards Pelham Bay Park — take the 6 Train toward Pelham Bay Park (10 stops), exit at 110 St
Walk to 8 E 109th St, New York, NY 10029, USA"
"15","263 W 86th St, New York, NY","Walk to E 23 St / 1 Av
Bus towards Select Bus Chelsea Piers 12av Crosstown — take the M23-SBS toward Select Bus Chelsea Piers 12av Crosstown (6 stops), exit at West 23 St & 7 Avenue
Walk to 23 St
Subway towards Van Cortlandt Park-242 St — take the 1 Line toward Van Cortlandt Park-242 St (9 stops), exit at 86 St
Walk to 263 W 86th St, New York, NY 10024, USA"
"16","252 W 116th St, New York, NY","Walk to E 23 St / 1 Av
Bus towards Select Bus Chelsea Piers 12av Crosstown — take the M23-SBS toward Select Bus Chelsea Piers 12av Crosstown (7 stops), exit at W 23 St/8 Av
Walk to 23 St
Subway towards 168 St — take the C Line toward 168 St (11 stops), exit at 116 St
Walk to 252 W 116th St, New York, NY 10026, USA"
"17","144 W 32nd St, New York, NY","Walk to E 34 St/1 Av
Bus towards Select Bus Pa Bus Trm via 34 St Via 8 Av — take the M34A-SBS toward Select Bus Pa Bus Trm via 34 St Via 8 Av (5 stops), exit at W 34 St/Broadway
Walk to 144 W 32nd St, New York, NY 10001, USA"
"18","120 E 32nd St, New York, NY","Walk to 120 E 32nd St, New York, NY 10016, USA"
"19","296 9th Ave, New York, NY","Walk to E 23 St / 1 Av
Bus towards Select Bus Chelsea Piers 12av Crosstown — take the M23-SBS toward Select Bus Chelsea Piers 12av Crosstown (8 stops), exit at W 23 St/9 Av
Walk to 296 9th Ave, New York, NY 10001, USA"
"20","108 E 51st St, New York, NY","Walk to 28 St
Subway towards Pelham Bay Park — take the 6 Train toward Pelham Bay Park (3 stops), exit at 51 St"
"21","601 W 114th St, New York, NY","Walk to E 23 St / 1 Av
Bus towards Select Bus Chelsea Piers 12av Crosstown — take the M23-SBS toward Select Bus Chelsea Piers 12av Crosstown (6 stops), exit at West 23 St & 7 Avenue
Walk to 23 St
Subway towards Van Cortlandt Park-242 St — take the 1 Line toward Van Cortlandt Park-242 St (13 stops), exit at 116 St-Columbia University
Walk to 601 W 114th St, New York, NY 10025, USA"
"22","540 Lenox Ave, New York, NY","Walk to E 34 St/1 Av
Bus towards Select Bus Pa Bus Trm via 34 St Via 8 Av — take the M34A-SBS toward Select Bus Pa Bus Trm via 34 St Via 8 Av (6 stops), exit at W 34 St/7 Av
Walk to 34 St-Penn Station
Subway towards Harlem-148 St — take the 3 Line toward Harlem-148 St (7 stops), exit at 135 St
Walk to 540 Lenox Ave, New York, NY 10037, USA"
"23","2759 Webster Ave, Bronx, NY","Walk to 1 Av/E 25 St
Bus towards Select Bus Service 125 St via 1 Av — take the M15-SBS toward Select Bus Service 125 St via 1 Av (3 stops), exit at 1 Av/E 43 St
Walk to Grand Central
Train towards Stamford — take the New Haven toward Stamford (2 stops), exit at Fordham
Walk to Parking lot, 2759 Webster Ave, Bronx, NY 10458, USA"
"24","1101 Boston Rd, Bronx, NY","Walk to 28 St
Subway towards Pelham Bay Park — take the 6 Train toward Pelham Bay Park (13 stops), exit at 3 Av-138 St
Walk to Lincoln Av/E 138 St
Bus towards Westchester Sq — take the Bx21 toward Westchester Sq (9 stops), exit at Boston Rd/E 166 St
Walk to 1101 Boston Rd, Bronx, NY 10456, USA"
"25","425 E 159th St, Bronx, NY","Walk to 28 St
Subway towards Pelham Bay Park — take the 6 Train toward Pelham Bay Park (2 stops), exit at Grand Central-42 St
Walk to Grand Central-42 St
Subway towards Eastchester-Dyre Av — take the 5 Line toward Eastchester-Dyre Av (6 stops), exit at 3 Av-149 St
Walk to 425 E 159th St, Bronx, NY 10451, USA"
"26","1290 Hoe Ave, Bronx, NY","Walk to 28 St
Subway towards Pelham Bay Park — take the 6 Train toward Pelham Bay Park (2 stops), exit at Grand Central-42 St
Walk to Grand Central-42 St
Subway towards Eastchester-Dyre Av — take the 5 Line toward Eastchester-Dyre Av (11 stops), exit at Freeman St
Walk to 1290 Hoe Ave, Bronx, NY 10459, USA"
"27","105-47 64th Road, Queens, NY","Walk to E 34 St/2 Av
Bus towards Spring Creek Seaview Av via Linden Bl Via Penn Av — take the BM5 toward Spring Creek Seaview Av via Linden Bl Via Penn Av (1 stop), exit at Woodhaven Blvd/Penelope Av
Walk to Woodhaven Blvd/63 Dr
Bus towards Rego Park — take the Q38 toward Rego Park (8 stops), exit at 63 Rd/108 St
Walk to 105-47 64th Rd, Forest Hills, NY 11375, USA"
"28","90-23 161st St, Queens, NY","Walk to E 34 St/1 Av
Bus towards Fresh Meadows 188 St via Union Tpke — take the QM7 toward Fresh Meadows 188 St via Union Tpke (4 stops), exit at 164 St/Union Tpke
Bus towards Jamaica Lirr via 164 St — take the Q65 toward Jamaica Lirr via 164 St (7 stops), exit at Parsons Blvd/Jamaica Av
Walk to 90-23 161st St, Jamaica, NY 11432, USA"
"29","102-16 89th Ave, Queens, NY","Walk to E 23 St & 1 Av
Bus towards Battery Pk City via Avenue C Via Pk Row — take the M9 toward Battery Pk City via Avenue C Via Pk Row (15 stops), exit at Essex St/Delancey St
Walk to Delancey St– Essex St
Subway towards Jamaica Center-Parsons/Archer — take the J Train toward Jamaica Center-Parsons/Archer (17 stops), exit at 104 St
Walk to 102-16 89th Ave, Jamaica, NY 11418, USA"
"30","35-30 103rd St, Queens, NY","Walk to 1 Av/E 29 St
Bus towards Select Bus Service 125 St via 1 Av — take the M15-SBS toward Select Bus Service 125 St via 1 Av (2 stops), exit at 1 Av/E 43 St
Walk to Grand Central-42 St
Subway towards Flushing-Main St — take the 7 toward Flushing-Main St (13 stops), exit at 103 St–Corona Plaza
Walk to 35-30 103rd St, Flushing, NY 11368, USA"
"31","39-21 Crescent St, Queens, NY","Walk to 1 Av/E 29 St
Bus towards Select Bus Service 125 St via 1 Av — take the M15-SBS toward Select Bus Service 125 St via 1 Av (2 stops), exit at 1 Av/E 43 St
Walk to Grand Central-42 St
Subway towards Flushing-Main St — take the 7 toward Flushing-Main St (4 stops), exit at Queensboro Plaza
Walk to 39-21 Crescent St, Long Island City, NY 11101, USA"
"32","140-32 Cherry Ave, Queens, NY","Walk to 3 Avenue & 29 St
Bus towards East Harlem 125 St via 3 Av — take the M103 toward East Harlem 125 St via 3 Av (5 stops), exit at 3 Av/E 42 St
Walk to Grand Central-42 St
Subway towards Flushing-Main St — take the 7X toward Flushing-Main St (11 stops), exit at Flushing-Main St
Walk to Main St & 40 Rd
Bus towards Jamaica Lirr — take the Q25 toward Jamaica Lirr (3 stops), exit at Kissena Blvd/Elder Av
Walk to 140-32 Cherry Ave, Flushing, NY 11355, USA"
"33","99-13 Northern Blvd, Queens, NY","Walk to 3 Avenue & 29 St
Bus towards East Harlem 125 St via 3 Av — take the M103 toward East Harlem 125 St via 3 Av (5 stops), exit at 3 Av/E 42 St
Walk to Grand Central-42 St
Subway towards Flushing-Main St — take the 7X toward Flushing-Main St (9 stops), exit at Junction Blvd
Walk to 99-13 Northern Blvd, Flushing, NY 11368, USA"
"34","289 Saint Nicholas Ave, New York, NY 10027","Walk to E 34 St/1 Av
Bus towards Select Bus Pa Bus Trm via 34 St Via 8 Av — take the M34A-SBS toward Select Bus Pa Bus Trm via 34 St Via 8 Av (7 stops), exit at 8 Av/W 34 St
Walk to 34 St-Penn Station
Subway towards Inwood-207 St — take the A Line toward Inwood-207 St (3 stops), exit at 125 St
Walk to 289 St Nicholas Ave, New York, NY 10027, USA"
"35","252 W 46th St 2nd Floor, New York, NY 10036","Walk to E 34 St/1 Av
Bus towards Select Bus Pa Bus Trm via 34 St Via 8 Av — take the M34A-SBS toward Select Bus Pa Bus Trm via 34 St Via 8 Av (10 stops), exit at W 43 St/8 Av
Walk to 252 W 46th St 2nd fl, New York, NY 10036, USA"
"36","411 E 12th St, New York, NY 10009","Walk to 411 E 12th St, New York, NY 10009, USA"
"37","122 East 37th St basement level, New York, NY","Walk to E 34 St/1 Av
Bus towards Select Bus Pa Bus Trm via 34 St Via 8 Av — take the M34A-SBS toward Select Bus Pa Bus Trm via 34 St Via 8 Av (2 stops), exit at E 34 St/3 Av
Walk to 122 E 37th St, New York, NY 10016, USA"
"38","413 E 79th St, New York, NY 10075","Walk to 1 Av/E 29 St
Bus towards Select Bus Service 125 St via 1 Av — take the M15-SBS toward Select Bus Service 125 St via 1 Av (6 stops), exit at 1 Av/E 80 St
Walk to 413 E 79th St, New York, NY 10075, USA"
"39","33-19 101st Street, Corona, NY 11368","Walk to 1 Av/E 29 St
Bus towards Select Bus Service 125 St via 1 Av — take the M15-SBS toward Select Bus Service 125 St via 1 Av (2 stops), exit at 1 Av/E 43 St
Walk to Grand Central-42 St
Subway towards Flushing-Main St — take the 7 toward Flushing-Main St (13 stops), exit at 103 St–Corona Plaza
Walk to 103 St/Roosevelt Av
Bus towards East Elmhurst — take the Q14 toward East Elmhurst (3 stops), exit at 103 St/Northern Blvd
Walk to 33-19 101st St, Flushing, NY 11368, USA"
"40","25 Chapel St, Brooklyn, NY 11201","Walk to East 34th Street
Ferry towards Wall St./Pier 11 — take the AS toward Wall St./Pier 11 (1 stop), exit at Brooklyn Navy Yard
Walk to Navy Yard Dr/4 Row
Bus towards Kensington Cortelyou Rd via 7 Av — take the B67 toward Kensington Cortelyou Rd via 7 Av (5 stops), exit at Jay St/Chapel St
Walk to 25 Chapel St, Brooklyn, NY 11201, USA"
"41","800 Barretto St, Bronx, NY","Walk to 28 St
Subway towards Pelham Bay Park — take the 6 Train toward Pelham Bay Park (19 stops), exit at Hunts Point Av
Walk to 800 Barretto St, Bronx, NY 10474, USA"
"42","2640 Third Ave, Bronx, NY","Walk to 28 St
Subway towards Pelham Bay Park — take the 6 Train toward Pelham Bay Park (13 stops), exit at 3 Av-138 St
Walk to 2640 3rd Ave, Bronx, NY 10454, USA"
"43","333 E 149th St, Bronx, NY","Walk to 28 St
Subway towards Pelham Bay Park — take the 6 Train toward Pelham Bay Park (2 stops), exit at Grand Central-42 St
Walk to Grand Central-42 St
Subway towards Eastchester-Dyre Av — take the 5 Line toward Eastchester-Dyre Av (6 stops), exit at 3 Av-149 St
Walk to 333 E 149th St, Bronx, NY 10451, USA"
"44","800 Barretto Street, Bronx, NY","Walk to 28 St
Subway towards Pelham Bay Park — take the 6 Train toward Pelham Bay Park (19 stops), exit at Hunts Point Av
Walk to 800 Barretto St, Bronx, NY 10474, USA"
"45","2759 Webster Avenue, Bronx, NY","Walk to 28 St
Subway towards 3 Av-138 St — take the 6 Train toward 3 Av-138 St (2 stops), exit at Grand Central-42 St
Walk to Grand Central-42 St
Subway towards Woodlawn — take the 4 Line toward Woodlawn (14 stops), exit at Kingsbridge Rd
Walk to Parking lot, 2759 Webster Ave, Bronx, NY 10458, USA"
"46","1911-21 Jerome Avenue, Bronx, NY","Walk to 28 St
Subway towards 3 Av-138 St — take the 6 Train toward 3 Av-138 St (2 stops), exit at Grand Central-42 St
Walk to Grand Central-42 St
Subway towards Woodlawn — take the 4 Line toward Woodlawn (10 stops), exit at 176 St
Walk to 1911-21 Jerome Ave, Bronx, NY 10453, USA"
"47","601 West 114th St, New York, NY","Walk to E 23 St / 1 Av
Bus towards Select Bus Chelsea Piers 12av Crosstown — take the M23-SBS toward Select Bus Chelsea Piers 12av Crosstown (6 stops), exit at West 23 St & 7 Avenue
Walk to 23 St
Subway towards Van Cortlandt Park-242 St — take the 1 Line toward Van Cortlandt Park-242 St (13 stops), exit at 116 St-Columbia University
Walk to 601 W 114th St, New York, NY 10025, USA"
"48","251 West 80th St, New York, NY","Walk to E 23 St / 1 Av
Bus towards Select Bus Chelsea Piers 12av Crosstown — take the M23-SBS toward Select Bus Chelsea Piers 12av Crosstown (6 stops), exit at West 23 St & 7 Avenue
Walk to 23 St
Subway towards Van Cortlandt Park-242 St — take the 1 Line toward Van Cortlandt Park-242 St (8 stops), exit at 79 St
Walk to 251 W 80th St, New York, NY 10024, USA"
"49","8 E 3rd St, New York, NY","Walk to 2 Avenue & East 25 Street
Bus towards Pike St -Via 2 Av — take the M15 toward Pike St -Via 2 Av (8 stops), exit at 2 Avenue & East 3 St
Walk to 8 E 3rd St, New York, NY 10003, USA"
"50","651 W 168th St, New York, NY","Walk to E 23 St / 1 Av
Bus towards Select Bus Chelsea Piers 12av Crosstown — take the M23-SBS toward Select Bus Chelsea Piers 12av Crosstown (6 stops), exit at West 23 St & 7 Avenue
Walk to 23 St
Subway towards Van Cortlandt Park-242 St — take the 1 Line toward Van Cortlandt Park-242 St (18 stops), exit at 168 St-Washington Hts
Walk to 651 W 168th St, New York, NY 10032, USA"
"51","356 W 18th St, New York, NY","Walk to E 23 St / 1 Av
Bus towards Select Bus Chelsea Piers 12av Crosstown — take the M23-SBS toward Select Bus Chelsea Piers 12av Crosstown (8 stops), exit at W 23 St/9 Av
Walk to 356 W 18th St, New York, NY 10011, USA"
"52","743-749 E 9th St, New York, NY","Walk to E 23 St & 1 Av
Bus towards Battery Pk City via Avenue C Via Pk Row — take the M9 toward Battery Pk City via Avenue C Via Pk Row (7 stops), exit at Avenue C/E 10 St
Walk to 743-749 E 9th St, New York, NY 10009, USA"
"53","90-23 161st Street, Jamaica, NY","Walk to 1 Av/E 28 St
Bus towards East Harlem 125 St via 1 Av — take the M15 toward East Harlem 125 St via 1 Av (8 stops), exit at 1 Av/E 52 St
Walk to Lexington Av/53 St
Subway towards Jamaica Center-Parsons/Archer — take the E Line toward Jamaica Center-Parsons/Archer (8 stops), exit at Jamaica Center-Parsons/Archer
Walk to 90-23 161st St, Jamaica, NY 11432, USA"
"54","90 Lafayette St, New York, NY","Walk to 28 St
Subway towards Brooklyn Bridge-City Hall — take the 6 Train toward Brooklyn Bridge-City Hall (6 stops), exit at Canal St
Walk to 90 Lafayette St, New York, NY 10013, USA"
"55","120 E 32nd St, New York, NY","Walk to 120 E 32nd St, New York, NY 10016, USA"
"56","257 West 30th Street, New York, NY","Walk to E 34 St/1 Av
Bus towards Select Bus Pa Bus Trm via 34 St Via 8 Av — take the M34A-SBS toward Select Bus Pa Bus Trm via 34 St Via 8 Av (7 stops), exit at 8 Av/W 34 St
Walk to 257 W 30th St, New York, NY 10001, USA"
"57","209 W 125th St, New York, NY","Walk to E 23 St / 1 Av
Bus towards Select Bus Chelsea Piers 12av Crosstown — take the M23-SBS toward Select Bus Chelsea Piers 12av Crosstown (7 stops), exit at W 23 St/8 Av
Walk to 23 St
Subway towards 168 St — take the C Line toward 168 St (12 stops), exit at 125 St
Walk to 209 W 125th St, New York, NY 10027, USA"
"58","33 Essex St, New York, NY","Walk to 2 Av & E 28 St
Bus towards Select Bus Service South Ferry via 2 Av — take the M15-SBS toward Select Bus Service South Ferry via 2 Av (4 stops), exit at Allen St/Hester St
Walk to 33 Essex St, New York, NY 10002, USA"
"59","321 W 125th St, New York, NY","Walk to E 23 St / 1 Av
Bus towards Select Bus Chelsea Piers 12av Crosstown — take the M23-SBS toward Select Bus Chelsea Piers 12av Crosstown (7 stops), exit at W 23 St/8 Av
Walk to 23 St
Subway towards 168 St — take the C Line toward 168 St (12 stops), exit at 125 St
Walk to 321 W 125th St, New York, NY 10027, USA"
"60","555 Broome St, New York, NY","Walk to E 23 St / 1 Av
Bus towards Select Bus Chelsea Piers 12av Crosstown — take the M23-SBS toward Select Bus Chelsea Piers 12av Crosstown (7 stops), exit at W 23 St/8 Av
Walk to 23 St
Subway towards World Trade Center — take the E Line toward World Trade Center (3 stops), exit at Spring St
Walk to 555 Broome St, New York, NY 10013, USA"
"61","410 W 40th St, New York, NY","Walk to E 34 St/1 Av
Bus towards Select Bus Pa Bus Trm via 34 St Via 8 Av — take the M34A-SBS toward Select Bus Pa Bus Trm via 34 St Via 8 Av (12 stops), exit at 9 Av/W 42 St
Walk to 410 W 40th St, New York, NY 10018, USA"
"62","653 Greenwich St, New York, NY","Walk to E 23 St / 1 Av
Bus towards Select Bus Chelsea Piers 12av Crosstown — take the M23-SBS toward Select Bus Chelsea Piers 12av Crosstown (5 stops), exit at W 23 St/6 Av
Walk to 23 St
Train towards Journal Square — take the PATH toward Journal Square (3 stops), exit at Christopher Street
Walk to 653 Greenwich St, New York, NY 10014, USA"
"63","108 E 51st St, New York, NY","Walk to 28 St
Subway towards Pelham Bay Park — take the 6 Train toward Pelham Bay Park (3 stops), exit at 51 St"
"64","251 West 80th St, New York, NY","Walk to E 23 St / 1 Av
Bus towards Select Bus Chelsea Piers 12av Crosstown — take the M23-SBS toward Select Bus Chelsea Piers 12av Crosstown (6 stops), exit at West 23 St & 7 Avenue
Walk to 23 St
Subway towards Van Cortlandt Park-242 St — take the 1 Line toward Van Cortlandt Park-242 St (8 stops), exit at 79 St
Walk to 251 W 80th St, New York, NY 10024, USA"
"65","227 Bowery, New York, NY","Walk to 3 Avenue & East 23 Street
Bus towards City Hall via Lex Av — take the M103 toward City Hall via Lex Av (9 stops), exit at Bowery/Prince St
Walk to 227 Bowery, New York, NY 10002, USA"
"66","53 E 3rd St, New York, NY","Walk to 2 Avenue & East 25 Street
Bus towards Pike St -Via 2 Av — take the M15 toward Pike St -Via 2 Av (8 stops), exit at 2 Avenue & East 3 St
Walk to 53 E 3rd St, New York, NY 10003, USA"
"67","601 W 114th St, New York, NY","Walk to E 23 St / 1 Av
Bus towards Select Bus Chelsea Piers 12av Crosstown — take the M23-SBS toward Select Bus Chelsea Piers 12av Crosstown (6 stops), exit at West 23 St & 7 Avenue
Walk to 23 St
Subway towards Van Cortlandt Park-242 St — take the 1 Line toward Van Cortlandt Park-242 St (13 stops), exit at 116 St-Columbia University
Walk to 601 W 114th St, New York, NY 10025, USA"
"68","8 E 109th St, New York, NY","Walk to 28 St
Subway towards Pelham Bay Park — take the 6 Train toward Pelham Bay Park (10 stops), exit at 110 St
Walk to 8 E 109th St, New York, NY 10029, USA"
"69","90 Lafayette St, New York, NY","Walk to 28 St
Subway towards Brooklyn Bridge-City Hall — take the 6 Train toward Brooklyn Bridge-City Hall (6 stops), exit at Canal St
Walk to 90 Lafayette St, New York, NY 10013, USA"
"70","80 Catherine St, New York, NY","Walk to 2 Av & E 28 St
Bus towards Select Bus Service South Ferry via 2 Av — take the M15-SBS toward Select Bus Service South Ferry via 2 Av (5 stops), exit at Madison St/Catherine St
Walk to 80 Catherine St, New York, NY 10038, USA"
"71","E 23rd St, New York, NY","Walk to E 23 St / 1 Av
Bus towards Select Bus Chelsea Piers 12av Crosstown — take the M23-SBS toward Select Bus Chelsea Piers 12av Crosstown (1 stop), exit at E 23 St/2 Av"
"72","1 Clarkson St & 7th Ave, New York, NY","Ask staff for directions to this location."
"73","360 Schermerhorn St, Brooklyn, NY","Walk to 28 St
Subway towards Pelham Bay Park — take the 6 Train toward Pelham Bay Park (2 stops), exit at Grand Central-42 St
Walk to Grand Central-42 St
Subway towards Flatbush Av-Brooklyn College — take the 5 Line toward Flatbush Av-Brooklyn College (7 stops), exit at Nevins St
Walk to 360 Schermerhorn St, Brooklyn, NY 11217, USA"
"74","2759 Webster Ave, Bronx, NY","Walk to 28 St
Subway towards 3 Av-138 St — take the 6 Train toward 3 Av-138 St (2 stops), exit at Grand Central-42 St
Walk to Grand Central-42 St
Subway towards Woodlawn — take the 4 Line toward Woodlawn (14 stops), exit at Kingsbridge Rd
Walk to Parking lot, 2759 Webster Ave, Bronx, NY 10458, USA"
"75","227 Bowery, New York, NY","Walk to 3 Avenue & East 23 Street
Bus towards City Hall via Lex Av — take the M103 toward City Hall via Lex Av (9 stops), exit at Bowery/Prince St
Walk to 227 Bowery, New York, NY 10002, USA"
"76","251 West 80th St, New York, NY","Walk to E 23 St / 1 Av
Bus towards Select Bus Chelsea Piers 12av Crosstown — take the M23-SBS toward Select Bus Chelsea Piers 12av Crosstown (6 stops), exit at West 23 St & 7 Avenue
Walk to 23 St
Subway towards Van Cortlandt Park-242 St — take the 1 Line toward Van Cortlandt Park-242 St (8 stops), exit at 79 St
Walk to 251 W 80th St, New York, NY 10024, USA"
"77","485 Hudson St, New York, NY","Walk to E 23 St / 1 Av
Bus towards Select Bus Chelsea Piers 12av Crosstown — take the M23-SBS toward Select Bus Chelsea Piers 12av Crosstown (5 stops), exit at W 23 St/6 Av
Walk to 23 St
Train towards Journal Square — take the PATH toward Journal Square (3 stops), exit at Christopher Street
Walk to 485 Hudson St, New York, NY 10014, USA"
"78","108 E 51st St, New York, NY","Walk to 28 St
Subway towards Pelham Bay Park — take the 6 Train toward Pelham Bay Park (3 stops), exit at 51 St"
"79","508 W 46th St, New York, NY","Walk to E 34 St/1 Av
Bus towards Select Bus Pa Bus Trm via 34 St Via 8 Av — take the M34A-SBS toward Select Bus Pa Bus Trm via 34 St Via 8 Av (11 stops), exit at W 43 St/8 Av
Walk to 508 W 46th St, New York, NY 10036, USA"
"80","2759 Webster Ave, Bronx, NY","Walk to 28 St
Subway towards 3 Av-138 St — take the 6 Train toward 3 Av-138 St (2 stops), exit at Grand Central-42 St
Walk to Grand Central-42 St
Subway towards Woodlawn — take the 4 Line toward Woodlawn (14 stops), exit at Kingsbridge Rd
Walk to Parking lot, 2759 Webster Ave, Bronx, NY 10458, USA"
"81","333 Hart St, Brooklyn, NY","Walk to E 23 St / 1 Av
Bus towards Select Bus Chelsea Piers 12av Crosstown — take the M23-SBS toward Select Bus Chelsea Piers 12av Crosstown (5 stops), exit at W 23 St/6 Av
Walk to 23 St
Subway towards Middle Village-Metropolitan Av — take the M Line toward Middle Village-Metropolitan Av (9 stops), exit at Myrtle Av
Walk to 333 Hart St, Brooklyn, NY 11206, USA"
"82","795 Lexington Ave, Brooklyn, NY","Walk to E 23 St / 1 Av
Bus towards Select Bus Chelsea Piers 12av Crosstown — take the M23-SBS toward Select Bus Chelsea Piers 12av Crosstown (5 stops), exit at W 23 St/6 Av
Walk to 23 St
Subway towards Coney Island-Stillwell Av — take the F Line toward Coney Island-Stillwell Av (5 stops), exit at Delancey St– Essex St
Walk to Delancey St– Essex St
Subway towards Jamaica Center-Parsons/Archer — take the J Train toward Jamaica Center-Parsons/Archer (3 stops), exit at Kosciuszko St
Walk to 795 Lexington Ave, Brooklyn, NY 11221, USA"
"83","2759 Webster Ave, Bronx, NY","Walk to 28 St
Subway towards 3 Av-138 St — take the 6 Train toward 3 Av-138 St (2 stops), exit at Grand Central-42 St
Walk to Grand Central-42 St
Subway towards Woodlawn — take the 4 Line toward Woodlawn (14 stops), exit at Kingsbridge Rd
Walk to Parking lot, 2759 Webster Ave, Bronx, NY 10458, USA"
"84","Citywide - call in","Call or text — no travel needed."
"85","Phone/Text — Citywide","Call or text — no travel needed."
"86","Phone — Citywide","Call or text — no travel needed."
"87","Phone — Citywide","Call or text — no travel needed."
"88","Phone — Citywide","Call or text — no travel needed."
"89","Phone — Citywide","Call or text — no travel needed."
"90","Phone — Citywide","Call or text — no travel needed."
"91","Phone — Citywide","Call or text — no travel needed."
"92","Phone/Online — Citywide","Available online — no travel needed."
"93","Online — Citywide","Available online — no travel needed."
"94","Phone — Citywide","Call or text — no travel needed."
"95","41st Ave and 103rd St, Queens, NY","Walk to 28 St
Subway towards Pelham Bay Park — take the 6 Train toward Pelham Bay Park (2 stops), exit at Grand Central-42 St
Walk to Grand Central-42 St
Subway towards Flushing-Main St — take the 7 toward Flushing-Main St (13 stops), exit at 103 St–Corona Plaza
Walk to 41st Ave & 103rd St, Queens, NY 11368, USA"
"96","Broadway and 45th Ave, Queens, NY","Walk to E 23 St / 1 Av
Bus towards Select Bus Chelsea Piers 12av Crosstown — take the M23-SBS toward Select Bus Chelsea Piers 12av Crosstown (5 stops), exit at W 23 St/6 Av
Walk to 23 St
Subway towards Forest Hills-71 Av — take the M Line toward Forest Hills-71 Av (14 stops), exit at Elmhurst Av
Walk to 45th Ave & Broadway, Queens, NY 11373, USA"
"97","41st Ave btw 79th and 80th St, Queens, NY","Walk to 28 St
Subway towards 3 Av-138 St — take the 6 Train toward 3 Av-138 St (2 stops), exit at Grand Central-42 St
Walk to Grand Central-42 St
Subway towards Flushing-Main St — take the 7X toward Flushing-Main St (11 stops), exit at Flushing-Main St
Walk to Roosevelt Av/Main St
Bus towards Beechhurst via 150 St — take the Q15 toward Beechhurst via 150 St (3 stops), exit at 41 Av/147 St
Walk to 41st Ave, Queens, NY, USA"
"98","Between 160th St and Union Hall St, Queens, NY","Walk to 28 St
Subway towards Pelham Bay Park — take the 6 Train toward Pelham Bay Park (3 stops), exit at 51 St
Walk to Lexington Av/53 St
Subway towards Jamaica Center-Parsons/Archer — take the E Line toward Jamaica Center-Parsons/Archer (8 stops), exit at Jamaica Center-Parsons/Archer
Walk to Union Hall St, Queens, NY, USA"
"99","147th St and Willis Ave, Bronx, NY","Walk to 28 St
Subway towards Pelham Bay Park — take the 6 Train toward Pelham Bay Park (2 stops), exit at Grand Central-42 St
Walk to Grand Central-42 St
Subway towards Eastchester-Dyre Av — take the 5 Line toward Eastchester-Dyre Av (6 stops), exit at 3 Av-149 St
Walk to Willis Ave & E 147th St, Bronx, NY 10455, USA"
"100","226 E 144th St, Bronx, NY","Walk to 28 St
Subway towards Pelham Bay Park — take the 6 Train toward Pelham Bay Park (13 stops), exit at 3 Av-138 St
Walk to 226 E 144th St, Bronx, NY 10451, USA"
"101","East Tremont Ave, Bronx, NY","Walk to 28 St
Subway towards Pelham Bay Park — take the 6 Train toward Pelham Bay Park (2 stops), exit at Grand Central-42 St
Walk to Grand Central-42 St
Subway towards Eastchester-Dyre Av — take the 5 Line toward Eastchester-Dyre Av (14 stops), exit at E 180 St
Walk to E Tremont Ave, Bronx, NY, USA"
"102","1938 Webster Ave, Bronx, NY","Walk to 28 St
Subway towards 3 Av-138 St — take the 6 Train toward 3 Av-138 St (2 stops), exit at Grand Central-42 St
Walk to Grand Central-42 St
Subway towards Woodlawn — take the 4 Line toward Woodlawn (11 stops), exit at Burnside Av
Walk to 1938 Webster Ave, Bronx, NY 10457, USA"
"103","Beaver St btw Fayette St and Ellery St, Brooklyn, NY","Walk to E 23 St / 1 Av
Bus towards Select Bus Chelsea Piers 12av Crosstown — take the M23-SBS toward Select Bus Chelsea Piers 12av Crosstown (5 stops), exit at W 23 St/6 Av
Walk to 23 St
Subway towards Middle Village-Metropolitan Av — take the M Line toward Middle Village-Metropolitan Av (8 stops), exit at Flushing Av
Walk to Ellery St, Brooklyn, NY 11206, USA"
"104","Havemeyer St btw South 5th St and Broadway, Brooklyn, NY","Walk to E 23 St / 1 Av
Bus towards Select Bus Chelsea Piers 12av Crosstown — take the M23-SBS toward Select Bus Chelsea Piers 12av Crosstown (6 stops), exit at West 23 St & 7 Avenue
Walk to 23 St
Subway towards Van Cortlandt Park-242 St — take the 1 Line toward Van Cortlandt Park-242 St (13 stops), exit at 116 St-Columbia University
Walk to 3000 Broadway, New York, NY 10027, USA"
"105","Hart St btw Broadway and Stuyvesant Ave, Brooklyn, NY","Walk to E 23 St / 1 Av
Bus towards Select Bus Chelsea Piers 12av Crosstown — take the M23-SBS toward Select Bus Chelsea Piers 12av Crosstown (5 stops), exit at W 23 St/6 Av
Walk to 23 St
Subway towards Middle Village-Metropolitan Av — take the M Line toward Middle Village-Metropolitan Av (9 stops), exit at Myrtle Av
Walk to Broadway & Stuyvesant Ave, Brooklyn, NY 11221, USA"
"106","988 Myrtle Ave, Brooklyn, NY","Walk to E 23 St / 1 Av
Bus towards Select Bus Chelsea Piers 12av Crosstown — take the M23-SBS toward Select Bus Chelsea Piers 12av Crosstown (5 stops), exit at W 23 St/6 Av
Walk to 23 St
Subway towards Middle Village-Metropolitan Av — take the M Line toward Middle Village-Metropolitan Av (9 stops), exit at Myrtle Av
Walk to 988 Myrtle Ave, Brooklyn, NY 11206, USA"
"107","Delancey St btw Forsyth St and Chrystie St, Manhattan, NY","Walk to 2 Avenue & East 25 Street
Bus towards Pike St -Via 2 Av — take the M15 toward Pike St -Via 2 Av (11 stops), exit at Allen St/Delancey St
Walk to Chrystie St, New York, NY 10002, USA"
"108","28th St btw 9th and 10th Ave, Manhattan, NY","Walk to E 23 St / 1 Av
Bus towards Select Bus Chelsea Piers 12av Crosstown — take the M23-SBS toward Select Bus Chelsea Piers 12av Crosstown (9 stops), exit at W 23 St/10 Av
Walk to 10th Ave, New York, NY, USA"
"109","Mount Morris Park West btw W 122nd and W 122nd St, Manhattan, NY","Walk to E 23 St / 1 Av
Bus towards Select Bus Chelsea Piers 12av Crosstown — take the M23-SBS toward Select Bus Chelsea Piers 12av Crosstown (7 stops), exit at W 23 St/8 Av
Walk to 23 St
Subway towards 168 St — take the C Line toward 168 St (12 stops), exit at 125 St
Walk to W 122nd St, New York, NY, USA"
"110","113 E 60th St, New York, NY 10022","Walk to 28 St
Subway towards Pelham Bay Park — take the 6 Train toward Pelham Bay Park (4 stops), exit at 59 St
Walk to 113 E 60th St, New York, NY 10022, USA"