row,address,map_url
"1","400-430 E 30th St, New York, NY","https://maps.googleapis.com/maps/api/staticmap?center=400-430%20E%2030th%20St%2C%20New%20York%2C%20NY&zoom=15&size=400x300&markers=color:red%7Clabel:★%7C400-430%20E%2030th%20St%2C%20New%20York%2C%20NY&style=feature:poi|visibility:off&key=AIzaSyDc1GdgUKSjOoXJx7aW1IaoIYORtFXflCU"
"2","1122 Franklin Ave, Bronx, NY","https://maps.googleapis.com/maps/api/staticmap?center=1122%20Franklin%20Ave%2C%20Bronx%2C%20NY&zoom=15&size=400x300&markers=color:red%7Clabel:★%7C1122%20Franklin%20Ave%2C%20Bronx%2C%20NY&style=feature:poi|visibility:off&key=AIzaSyDc1GdgUKSjOoXJx7aW1IaoIYORtFXflCU"
"3","400-430 E 30th St, New York, NY","https://maps.googleapis.com/maps/api/staticmap?center=400-430%20E%2030th%20St%2C%20New%20York%2C%20NY&zoom=15&size=400x300&markers=color:red%7Clabel:★%7C400-430%20E%2030th%20St%2C%20New%20York%2C%20NY&style=feature:poi|visibility:off&key=AIzaSyDc1GdgUKSjOoXJx7aW1IaoIYORtFXflCU"
"4","151 E 151st St, Bronx, NY","https://maps.googleapis.com/maps/api/staticmap?center=151%20E%20151st%20St%2C%20Bronx%2C%20NY&zoom=15&size=400x300&markers=color:red%7Clabel:★%7C151%20E%20151st%20St%2C%20Bronx%2C%20NY&style=feature:poi|visibility:off&key=AIzaSyDc1GdgUKSjOoXJx7aW1IaoIYORtFXflCU"
"5","116 Williams Ave, Brooklyn, NY","https://maps.googleapis.com/maps/api/staticmap?center=116%20Williams%20Ave%2C%20Brooklyn%2C%20NY&zoom=15&size=400x300&markers=color:red%7Clabel:★%7C116%20Williams%20Ave%2C%20Brooklyn%2C%20NY&style=feature:poi|visibility:off&key=AIzaSyDc1GdgUKSjOoXJx7aW1IaoIYORtFXflCU"
"6","100-32 Atlantic Ave, Queens, NY","https://maps.googleapis.com/maps/api/staticmap?center=100-32%20Atlantic%20Ave%2C%20Queens%2C%20NY&zoom=15&size=400x300&markers=color:red%7Clabel:★%7C100-32%20Atlantic%20Ave%2C%20Queens%2C%20NY&style=feature:poi|visibility:off&key=AIzaSyDc1GdgUKSjOoXJx7aW1IaoIYORtFXflCU"
"7","89-74 162nd Street 3rd Floor, Queens, NY","https://maps.googleapis.com/maps/api/staticmap?center=89-74%20162nd%20Street%203rd%20Floor%2C%20Queens%2C%20NY&zoom=15&size=400x300&markers=color:red%7Clabel:★%7C89-74%20162nd%20Street%203rd%20Floor%2C%20Queens%2C%20NY&style=feature:poi|visibility:off&key=AIzaSyDc1GdgUKSjOoXJx7aW1IaoIYORtFXflCU"
"8","1600 Central Ave, Queens, NY","https://maps.googleapis.com/maps/api/staticmap?center=1600%20Central%20Ave%2C%20Queens%2C%20NY&zoom=15&size=400x300&markers=color:red%7Clabel:★%7C1600%20Central%20Ave%2C%20Queens%2C%20NY&style=feature:poi|visibility:off&key=AIzaSyDc1GdgUKSjOoXJx7aW1IaoIYORtFXflCU"
"9","205 Canal St, Staten Island, NY","https://maps.googleapis.com/maps/api/staticmap?center=205%20Canal%20St%2C%20Staten%20Island%2C%20NY&zoom=15&size=400x300&markers=color:red%7Clabel:★%7C205%20Canal%20St%2C%20Staten%20Island%2C%20NY&style=feature:poi|visibility:off&key=AIzaSyDc1GdgUKSjOoXJx7aW1IaoIYORtFXflCU"
"10","2134 Richmond Terrace, Staten Island, NY","https://maps.googleapis.com/maps/api/staticmap?center=2134%20Richmond%20Terrace%2C%20Staten%20Island%2C%20NY&zoom=15&size=400x300&markers=color:red%7Clabel:★%7C2134%20Richmond%20Terrace%2C%20Staten%20Island%2C%20NY&style=feature:poi|visibility:off&key=AIzaSyDc1GdgUKSjOoXJx7aW1IaoIYORtFXflCU"
"11","1540 Castleton Ave, Staten Island, NY","https://maps.googleapis.com/maps/api/staticmap?center=1540%20Castleton%20Ave%2C%20Staten%20Island%2C%20NY&zoom=15&size=400x300&markers=color:red%7Clabel:★%7C1540%20Castleton%20Ave%2C%20Staten%20Island%2C%20NY&style=feature:poi|visibility:off&key=AIzaSyDc1GdgUKSjOoXJx7aW1IaoIYORtFXflCU"
"12","1466 Manor Road, Staten Island, NY 10314","https://maps.googleapis.com/maps/api/staticmap?center=1466%20Manor%20Road%2C%20Staten%20Island%2C%20NY%2010314&zoom=15&size=400x300&markers=color:red%7Clabel:★%7C1466%20Manor%20Road%2C%20Staten%20Island%2C%20NY%2010314&style=feature:poi|visibility:off&key=AIzaSyDc1GdgUKSjOoXJx7aW1IaoIYORtFXflCU"
"13","307 Saint Marks Place, Staten Island, NY 10301","https://maps.googleapis.com/maps/api/staticmap?center=307%20Saint%20Marks%20Place%2C%20Staten%20Island%2C%20NY%2010301&zoom=15&size=400x300&markers=color:red%7Clabel:★%7C307%20Saint%20Marks%20Place%2C%20Staten%20Island%2C%20NY%2010301&style=feature:poi|visibility:off&key=AIzaSyDc1GdgUKSjOoXJx7aW1IaoIYORtFXflCU"
"14","8 E 109th St, New York, NY","https://maps.googleapis.com/maps/api/staticmap?center=8%20E%20109th%20St%2C%20New%20York%2C%20NY&zoom=15&size=400x300&markers=color:red%7Clabel:★%7C8%20E%20109th%20St%2C%20New%20York%2C%20NY&style=feature:poi|visibility:off&key=AIzaSyDc1GdgUKSjOoXJx7aW1IaoIYORtFXflCU"
"15","263 W 86th St, New York, NY","https://maps.googleapis.com/maps/api/staticmap?center=263%20W%2086th%20St%2C%20New%20York%2C%20NY&zoom=15&size=400x300&markers=color:red%7Clabel:★%7C263%20W%2086th%20St%2C%20New%20York%2C%20NY&style=feature:poi|visibility:off&key=AIzaSyDc1GdgUKSjOoXJx7aW1IaoIYORtFXflCU"
"16","252 W 116th St, New York, NY","https://maps.googleapis.com/maps/api/staticmap?center=252%20W%20116th%20St%2C%20New%20York%2C%20NY&zoom=15&size=400x300&markers=color:red%7Clabel:★%7C252%20W%20116th%20St%2C%20New%20York%2C%20NY&style=feature:poi|visibility:off&key=AIzaSyDc1GdgUKSjOoXJx7aW1IaoIYORtFXflCU"
"17","144 W 32nd St, New York, NY","https://maps.googleapis.com/maps/api/staticmap?center=144%20W%2032nd%20St%2C%20New%20York%2C%20NY&zoom=15&size=400x300&markers=color:red%7Clabel:★%7C144%20W%2032nd%20St%2C%20New%20York%2C%20NY&style=feature:poi|visibility:off&key=AIzaSyDc1GdgUKSjOoXJx7aW1IaoIYORtFXflCU"
"18","120 E 32nd St, New York, NY","https://maps.googleapis.com/maps/api/staticmap?center=120%20E%2032nd%20St%2C%20New%20York%2C%20NY&zoom=15&size=400x300&markers=color:red%7Clabel:★%7C120%20E%2032nd%20St%2C%20New%20York%2C%20NY&style=feature:poi|visibility:off&key=AIzaSyDc1GdgUKSjOoXJx7aW1IaoIYORtFXflCU"
"19","296 9th Ave, New York, NY","https://maps.googleapis.com/maps/api/staticmap?center=296%209th%20Ave%2C%20New%20York%2C%20NY&zoom=15&size=400x300&markers=color:red%7Clabel:★%7C296%209th%20Ave%2C%20New%20York%2C%20NY&style=feature:poi|visibility:off&key=AIzaSyDc1GdgUKSjOoXJx7aW1IaoIYORtFXflCU"
"20","108 E 51st St, New York, NY","https://maps.googleapis.com/maps/api/staticmap?center=108%20E%2051st%20St%2C%20New%20York%2C%20NY&zoom=15&size=400x300&markers=color:red%7Clabel:★%7C108%20E%2051st%20St%2C%20New%20York%2C%20NY&style=feature:poi|visibility:off&key=AIzaSyDc1GdgUKSjOoXJx7aW1IaoIYORtFXflCU"
"21","601 W 114th St, New York, NY","https://maps.googleapis.com/maps/api/staticmap?center=601%20W%20114th%20St%2C%20New%20York%2C%20NY&zoom=15&size=400x300&markers=color:red%7Clabel:★%7C601%20W%20114th%20St%2C%20New%20York%2C%20NY&style=feature:poi|visibility:off&key=AIzaSyDc1GdgUKSjOoXJx7aW1IaoIYORtFXflCU"
"22","540 Lenox Ave, New York, NY","https://maps.googleapis.com/maps/api/staticmap?center=540%20Lenox%20Ave%2C%20New%20York%2C%20NY&zoom=15&size=400x300&markers=color:red%7Clabel:★%7C540%20Lenox%20Ave%2C%20New%20York%2C%20NY&style=feature:poi|visibility:off&key=AIzaSyDc1GdgUKSjOoXJx7aW1IaoIYORtFXflCU"
"23","2759 Webster Ave, Bronx, NY","https://maps.googleapis.com/maps/api/staticmap?center=2759%20Webster%20Ave%2C%20Bronx%2C%20NY&zoom=15&size=400x300&markers=color:red%7Clabel:★%7C2759%20Webster%20Ave%2C%20Bronx%2C%20NY&style=feature:poi|visibility:off&key=AIzaSyDc1GdgUKSjOoXJx7aW1IaoIYORtFXflCU"
"24","1101 Boston Rd, Bronx, NY","https://maps.googleapis.com/maps/api/staticmap?center=1101%20Boston%20Rd%2C%20Bronx%2C%20NY&zoom=15&size=400x300&markers=color:red%7Clabel:★%7C1101%20Boston%20Rd%2C%20Bronx%2C%20NY&style=feature:poi|visibility:off&key=AIzaSyDc1GdgUKSjOoXJx7aW1IaoIYORtFXflCU"
"25","425 E 159th St, Bronx, NY","https://maps.googleapis.com/maps/api/staticmap?center=425%20E%20159th%20St%2C%20Bronx%2C%20NY&zoom=15&size=400x300&markers=color:red%7Clabel:★%7C425%20E%20159th%20St%2C%20Bronx%2C%20NY&style=feature:poi|visibility:off&key=AIzaSyDc1GdgUKSjOoXJx7aW1IaoIYORtFXflCU"
"26","1290 Hoe Ave, Bronx, NY","https://maps.googleapis.com/maps/api/staticmap?center=1290%20Hoe%20Ave%2C%20Bronx%2C%20NY&zoom=15&size=400x300&markers=color:red%7Clabel:★%7C1290%20Hoe%20Ave%2C%20Bronx%2C%20NY&style=feature:poi|visibility:off&key=AIzaSyDc1GdgUKSjOoXJx7aW1IaoIYORtFXflCU"
"27","105-47 64th Road, Queens, NY","https://maps.googleapis.com/maps/api/staticmap?center=105-47%2064th%20Road%2C%20Queens%2C%20NY&zoom=15&size=400x300&markers=color:red%7Clabel:★%7C105-47%2064th%20Road%2C%20Queens%2C%20NY&style=feature:poi|visibility:off&key=AIzaSyDc1GdgUKSjOoXJx7aW1IaoIYORtFXflCU"
"28","90-23 161st St, Queens, NY","https://maps.googleapis.com/maps/api/staticmap?center=90-23%20161st%20St%2C%20Queens%2C%20NY&zoom=15&size=400x300&markers=color:red%7Clabel:★%7C90-23%20161st%20St%2C%20Queens%2C%20NY&style=feature:poi|visibility:off&key=AIzaSyDc1GdgUKSjOoXJx7aW1IaoIYORtFXflCU"
"29","102-16 89th Ave, Queens, NY","https://maps.googleapis.com/maps/api/staticmap?center=102-16%2089th%20Ave%2C%20Queens%2C%20NY&zoom=15&size=400x300&markers=color:red%7Clabel:★%7C102-16%2089th%20Ave%2C%20Queens%2C%20NY&style=feature:poi|visibility:off&key=AIzaSyDc1GdgUKSjOoXJx7aW1IaoIYORtFXflCU"
"30","35-30 103rd St, Queens, NY","https://maps.googleapis.com/maps/api/staticmap?center=35-30%20103rd%20St%2C%20Queens%2C%20NY&zoom=15&size=400x300&markers=color:red%7Clabel:★%7C35-30%20103rd%20St%2C%20Queens%2C%20NY&style=feature:poi|visibility:off&key=AIzaSyDc1GdgUKSjOoXJx7aW1IaoIYORtFXflCU"
"31","39-21 Crescent St, Queens, NY","https://maps.googleapis.com/maps/api/staticmap?center=39-21%20Crescent%20St%2C%20Queens%2C%20NY&zoom=15&size=400x300&markers=color:red%7Clabel:★%7C39-21%20Crescent%20St%2C%20Queens%2C%20NY&style=feature:poi|visibility:off&key=AIzaSyDc1GdgUKSjOoXJx7aW1IaoIYORtFXflCU"
"32","140-32 Cherry Ave, Queens, NY","https://maps.googleapis.com/maps/api/staticmap?center=140-32%20Cherry%20Ave%2C%20Queens%2C%20NY&zoom=15&size=400x300&markers=color:red%7Clabel:★%7C140-32%20Cherry%20Ave%2C%20Queens%2C%20NY&style=feature:poi|visibility:off&key=AIzaSyDc1GdgUKSjOoXJx7aW1IaoIYORtFXflCU"
"33","99-13 Northern Blvd, Queens, NY","https://maps.googleapis.com/maps/api/staticmap?center=99-13%20Northern%20Blvd%2C%20Queens%2C%20NY&zoom=15&size=400x300&markers=color:red%7Clabel:★%7C99-13%20Northern%20Blvd%2C%20Queens%2C%20NY&style=feature:poi|visibility:off&key=AIzaSyDc1GdgUKSjOoXJx7aW1IaoIYORtFXflCU"
"34","289 Saint Nicholas Ave, New York, NY 10027","https://maps.googleapis.com/maps/api/staticmap?center=289%20Saint%20Nicholas%20Ave%2C%20New%20York%2C%20NY%2010027&zoom=15&size=400x300&markers=color:red%7Clabel:★%7C289%20Saint%20Nicholas%20Ave%2C%20New%20York%2C%20NY%2010027&style=feature:poi|visibility:off&key=AIzaSyDc1GdgUKSjOoXJx7aW1IaoIYORtFXflCU"
"35","252 W 46th St 2nd Floor, New York, NY 10036","https://maps.googleapis.com/maps/api/staticmap?center=252%20W%2046th%20St%202nd%20Floor%2C%20New%20York%2C%20NY%2010036&zoom=15&size=400x300&markers=color:red%7Clabel:★%7C252%20W%2046th%20St%202nd%20Floor%2C%20New%20York%2C%20NY%2010036&style=feature:poi|visibility:off&key=AIzaSyDc1GdgUKSjOoXJx7aW1IaoIYORtFXflCU"
"36","411 E 12th St, New York, NY 10009","https://maps.googleapis.com/maps/api/staticmap?center=411%20E%2012th%20St%2C%20New%20York%2C%20NY%2010009&zoom=15&size=400x300&markers=color:red%7Clabel:★%7C411%20E%2012th%20St%2C%20New%20York%2C%20NY%2010009&style=feature:poi|visibility:off&key=AIzaSyDc1GdgUKSjOoXJx7aW1IaoIYORtFXflCU"
"37","122 East 37th St basement level, New York, NY","https://maps.googleapis.com/maps/api/staticmap?center=122%20East%2037th%20St%20basement%20level%2C%20New%20York%2C%20NY&zoom=15&size=400x300&markers=color:red%7Clabel:★%7C122%20East%2037th%20St%20basement%20level%2C%20New%20York%2C%20NY&style=feature:poi|visibility:off&key=AIzaSyDc1GdgUKSjOoXJx7aW1IaoIYORtFXflCU"
"38","413 E 79th St, New York, NY 10075","https://maps.googleapis.com/maps/api/staticmap?center=413%20E%2079th%20St%2C%20New%20York%2C%20NY%2010075&zoom=15&size=400x300&markers=color:red%7Clabel:★%7C413%20E%2079th%20St%2C%20New%20York%2C%20NY%2010075&style=feature:poi|visibility:off&key=AIzaSyDc1GdgUKSjOoXJx7aW1IaoIYORtFXflCU"
"39","33-19 101st Street, Corona, NY 11368","https://maps.googleapis.com/maps/api/staticmap?center=33-19%20101st%20Street%2C%20Corona%2C%20NY%2011368&zoom=15&size=400x300&markers=color:red%7Clabel:★%7C33-19%20101st%20Street%2C%20Corona%2C%20NY%2011368&style=feature:poi|visibility:off&key=AIzaSyDc1GdgUKSjOoXJx7aW1IaoIYORtFXflCU"
"40","25 Chapel St, Brooklyn, NY 11201","https://maps.googleapis.com/maps/api/staticmap?center=25%20Chapel%20St%2C%20Brooklyn%2C%20NY%2011201&zoom=15&size=400x300&markers=color:red%7Clabel:★%7C25%20Chapel%20St%2C%20Brooklyn%2C%20NY%2011201&style=feature:poi|visibility:off&key=AIzaSyDc1GdgUKSjOoXJx7aW1IaoIYORtFXflCU"
"41","800 Barretto St, Bronx, NY","https://maps.googleapis.com/maps/api/staticmap?center=800%20Barretto%20St%2C%20Bronx%2C%20NY&zoom=15&size=400x300&markers=color:red%7Clabel:★%7C800%20Barretto%20St%2C%20Bronx%2C%20NY&style=feature:poi|visibility:off&key=AIzaSyDc1GdgUKSjOoXJx7aW1IaoIYORtFXflCU"
"42","2640 Third Ave, Bronx, NY","https://maps.googleapis.com/maps/api/staticmap?center=2640%20Third%20Ave%2C%20Bronx%2C%20NY&zoom=15&size=400x300&markers=color:red%7Clabel:★%7C2640%20Third%20Ave%2C%20Bronx%2C%20NY&style=feature:poi|visibility:off&key=AIzaSyDc1GdgUKSjOoXJx7aW1IaoIYORtFXflCU"
"43","333 E 149th St, Bronx, NY","https://maps.googleapis.com/maps/api/staticmap?center=333%20E%20149th%20St%2C%20Bronx%2C%20NY&zoom=15&size=400x300&markers=color:red%7Clabel:★%7C333%20E%20149th%20St%2C%20Bronx%2C%20NY&style=feature:poi|visibility:off&key=AIzaSyDc1GdgUKSjOoXJx7aW1IaoIYORtFXflCU"
"44","800 Barretto Street, Bronx, NY","https://maps.googleapis.com/maps/api/staticmap?center=800%20Barretto%20Street%2C%20Bronx%2C%20NY&zoom=15&size=400x300&markers=color:red%7Clabel:★%7C800%20Barretto%20Street%2C%20Bronx%2C%20NY&style=feature:poi|visibility:off&key=AIzaSyDc1GdgUKSjOoXJx7aW1IaoIYORtFXflCU"
"45","2759 Webster Avenue, Bronx, NY","https://maps.googleapis.com/maps/api/staticmap?center=2759%20Webster%20Avenue%2C%20Bronx%2C%20NY&zoom=15&size=400x300&markers=color:red%7Clabel:★%7C2759%20Webster%20Avenue%2C%20Bronx%2C%20NY&style=feature:poi|visibility:off&key=AIzaSyDc1GdgUKSjOoXJx7aW1IaoIYORtFXflCU"
"46","1911-21 Jerome Avenue, Bronx, NY","https://maps.googleapis.com/maps/api/staticmap?center=1911-21%20Jerome%20Avenue%2C%20Bronx%2C%20NY&zoom=15&size=400x300&markers=color:red%7Clabel:★%7C1911-21%20Jerome%20Avenue%2C%20Bronx%2C%20NY&style=feature:poi|visibility:off&key=AIzaSyDc1GdgUKSjOoXJx7aW1IaoIYORtFXflCU"
"47","601 West 114th St, New York, NY","https://maps.googleapis.com/maps/api/staticmap?center=601%20West%20114th%20St%2C%20New%20York%2C%20NY&zoom=15&size=400x300&markers=color:red%7Clabel:★%7C601%20West%20114th%20St%2C%20New%20York%2C%20NY&style=feature:poi|visibility:off&key=AIzaSyDc1GdgUKSjOoXJx7aW1IaoIYORtFXflCU"
"48","251 West 80th St, New York, NY","https://maps.googleapis.com/maps/api/staticmap?center=251%20West%2080th%20St%2C%20New%20York%2C%20NY&zoom=15&size=400x300&markers=color:red%7Clabel:★%7C251%20West%2080th%20St%2C%20New%20York%2C%20NY&style=feature:poi|visibility:off&key=AIzaSyDc1GdgUKSjOoXJx7aW1IaoIYORtFXflCU"
"49","8 E 3rd St, New York, NY","https://maps.googleapis.com/maps/api/staticmap?center=8%20E%203rd%20St%2C%20New%20York%2C%20NY&zoom=15&size=400x300&markers=color:red%7Clabel:★%7C8%20E%203rd%20St%2C%20New%20York%2C%20NY&style=feature:poi|visibility:off&key=AIzaSyDc1GdgUKSjOoXJx7aW1IaoIYORtFXflCU"
"50","651 W 168th St, New York, NY","https://maps.googleapis.com/maps/api/staticmap?center=651%20W%20168th%20St%2C%20New%20York%2C%20NY&zoom=15&size=400x300&markers=color:red%7Clabel:★%7C651%20W%20168th%20St%2C%20New%20York%2C%20NY&style=feature:poi|visibility:off&key=AIzaSyDc1GdgUKSjOoXJx7aW1IaoIYORtFXflCU"
"51","356 W 18th St, New York, NY","https://maps.googleapis.com/maps/api/staticmap?center=356%20W%2018th%20St%2C%20New%20York%2C%20NY&zoom=15&size=400x300&markers=color:red%7Clabel:★%7C356%20W%2018th%20St%2C%20New%20York%2C%20NY&style=feature:poi|visibility:off&key=AIzaSyDc1GdgUKSjOoXJx7aW1IaoIYORtFXflCU"
"52","743-749 E 9th St, New York, NY","https://maps.googleapis.com/maps/api/staticmap?center=743-749%20E%209th%20St%2C%20New%20York%2C%20NY&zoom=15&size=400x300&markers=color:red%7Clabel:★%7C743-749%20E%209th%20St%2C%20New%20York%2C%20NY&style=feature:poi|visibility:off&key=AIzaSyDc1GdgUKSjOoXJx7aW1IaoIYORtFXflCU"
"53","90-23 161st Street, Jamaica, NY","https://maps.googleapis.com/maps/api/staticmap?center=90-23%20161st%20Street%2C%20Jamaica%2C%20NY&zoom=15&size=400x300&markers=color:red%7Clabel:★%7C90-23%20161st%20Street%2C%20Jamaica%2C%20NY&style=feature:poi|visibility:off&key=AIzaSyDc1GdgUKSjOoXJx7aW1IaoIYORtFXflCU"
"54","90 Lafayette St, New York, NY","https://maps.googleapis.com/maps/api/staticmap?center=90%20Lafayette%20St%2C%20New%20York%2C%20NY&zoom=15&size=400x300&markers=color:red%7Clabel:★%7C90%20Lafayette%20St%2C%20New%20York%2C%20NY&style=feature:poi|visibility:off&key=AIzaSyDc1GdgUKSjOoXJx7aW1IaoIYORtFXflCU"
"55","120 E 32nd St, New York, NY","https://maps.googleapis.com/maps/api/staticmap?center=120%20E%2032nd%20St%2C%20New%20York%2C%20NY&zoom=15&size=400x300&markers=color:red%7Clabel:★%7C120%20E%2032nd%20St%2C%20New%20York%2C%20NY&style=feature:poi|visibility:off&key=AIzaSyDc1GdgUKSjOoXJx7aW1IaoIYORtFXflCU"
"56","257 West 30th Street, New York, NY","https://maps.googleapis.com/maps/api/staticmap?center=257%20West%2030th%20Street%2C%20New%20York%2C%20NY&zoom=15&size=400x300&markers=color:red%7Clabel:★%7C257%20West%2030th%20Street%2C%20New%20York%2C%20NY&style=feature:poi|visibility:off&key=AIzaSyDc1GdgUKSjOoXJx7aW1IaoIYORtFXflCU"
"57","209 W 125th St, New York, NY","https://maps.googleapis.com/maps/api/staticmap?center=209%20W%20125th%20St%2C%20New%20York%2C%20NY&zoom=15&size=400x300&markers=color:red%7Clabel:★%7C209%20W%20125th%20St%2C%20New%20York%2C%20NY&style=feature:poi|visibility:off&key=AIzaSyDc1GdgUKSjOoXJx7aW1IaoIYORtFXflCU"
"58","33 Essex St, New York, NY","https://maps.googleapis.com/maps/api/staticmap?center=33%20Essex%20St%2C%20New%20York%2C%20NY&zoom=15&size=400x300&markers=color:red%7Clabel:★%7C33%20Essex%20St%2C%20New%20York%2C%20NY&style=feature:poi|visibility:off&key=AIzaSyDc1GdgUKSjOoXJx7aW1IaoIYORtFXflCU"
"59","321 W 125th St, New York, NY","https://maps.googleapis.com/maps/api/staticmap?center=321%20W%20125th%20St%2C%20New%20York%2C%20NY&zoom=15&size=400x300&markers=color:red%7Clabel:★%7C321%20W%20125th%20St%2C%20New%20York%2C%20NY&style=feature:poi|visibility:off&key=AIzaSyDc1GdgUKSjOoXJx7aW1IaoIYORtFXflCU"
"60","555 Broome St, New York, NY","https://maps.googleapis.com/maps/api/staticmap?center=555%20Broome%20St%2C%20New%20York%2C%20NY&zoom=15&size=400x300&markers=color:red%7Clabel:★%7C555%20Broome%20St%2C%20New%20York%2C%20NY&style=feature:poi|visibility:off&key=AIzaSyDc1GdgUKSjOoXJx7aW1IaoIYORtFXflCU"
"61","410 W 40th St, New York, NY","https://maps.googleapis.com/maps/api/staticmap?center=410%20W%2040th%20St%2C%20New%20York%2C%20NY&zoom=15&size=400x300&markers=color:red%7Clabel:★%7C410%20W%2040th%20St%2C%20New%20York%2C%20NY&style=feature:poi|visibility:off&key=AIzaSyDc1GdgUKSjOoXJx7aW1IaoIYORtFXflCU"
"62","653 Greenwich St, New York, NY","https://maps.googleapis.com/maps/api/staticmap?center=653%20Greenwich%20St%2C%20New%20York%2C%20NY&zoom=15&size=400x300&markers=color:red%7Clabel:★%7C653%20Greenwich%20St%2C%20New%20York%2C%20NY&style=feature:poi|visibility:off&key=AIzaSyDc1GdgUKSjOoXJx7aW1IaoIYORtFXflCU"
"63","108 E 51st St, New York, NY","https://maps.googleapis.com/maps/api/staticmap?center=108%20E%2051st%20St%2C%20New%20York%2C%20NY&zoom=15&size=400x300&markers=color:red%7Clabel:★%7C108%20E%2051st%20St%2C%20New%20York%2C%20NY&style=feature:poi|visibility:off&key=AIzaSyDc1GdgUKSjOoXJx7aW1IaoIYORtFXflCU"
"64","251 West 80th St, New York, NY","https://maps.googleapis.com/maps/api/staticmap?center=251%20West%2080th%20St%2C%20New%20York%2C%20NY&zoom=15&size=400x300&markers=color:red%7Clabel:★%7C251%20West%2080th%20St%2C%20New%20York%2C%20NY&style=feature:poi|visibility:off&key=AIzaSyDc1GdgUKSjOoXJx7aW1IaoIYORtFXflCU"
"65","227 Bowery, New York, NY","https://maps.googleapis.com/maps/api/staticmap?center=227%20Bowery%2C%20New%20York%2C%20NY&zoom=15&size=400x300&markers=color:red%7Clabel:★%7C227%20Bowery%2C%20New%20York%2C%20NY&style=feature:poi|visibility:off&key=AIzaSyDc1GdgUKSjOoXJx7aW1IaoIYORtFXflCU"
"66","53 E 3rd St, New York, NY","https://maps.googleapis.com/maps/api/staticmap?center=53%20E%203rd%20St%2C%20New%20York%2C%20NY&zoom=15&size=400x300&markers=color:red%7Clabel:★%7C53%20E%203rd%20St%2C%20New%20York%2C%20NY&style=feature:poi|visibility:off&key=AIzaSyDc1GdgUKSjOoXJx7aW1IaoIYORtFXflCU"
"67","601 W 114th St, New York, NY","https://maps.googleapis.com/maps/api/staticmap?center=601%20W%20114th%20St%2C%20New%20York%2C%20NY&zoom=15&size=400x300&markers=color:red%7Clabel:★%7C601%20W%20114th%20St%2C%20New%20York%2C%20NY&style=feature:poi|visibility:off&key=AIzaSyDc1GdgUKSjOoXJx7aW1IaoIYORtFXflCU"
"68","8 E 109th St, New York, NY","https://maps.googleapis.com/maps/api/staticmap?center=8%20E%20109th%20St%2C%20New%20York%2C%20NY&zoom=15&size=400x300&markers=color:red%7Clabel:★%7C8%20E%20109th%20St%2C%20New%20York%2C%20NY&style=feature:poi|visibility:off&key=AIzaSyDc1GdgUKSjOoXJx7aW1IaoIYORtFXflCU"
"69","90 Lafayette St, New York, NY","https://maps.googleapis.com/maps/api/staticmap?center=90%20Lafayette%20St%2C%20New%20York%2C%20NY&zoom=15&size=400x300&markers=color:red%7Clabel:★%7C90%20Lafayette%20St%2C%20New%20York%2C%20NY&style=feature:poi|visibility:off&key=AIzaSyDc1GdgUKSjOoXJx7aW1IaoIYORtFXflCU"
"70","80 Catherine St, New York, NY","https://maps.googleapis.com/maps/api/staticmap?center=80%20Catherine%20St%2C%20New%20York%2C%20NY&zoom=15&size=400x300&markers=color:red%7Clabel:★%7C80%20Catherine%20St%2C%20New%20York%2C%20NY&style=feature:poi|visibility:off&key=AIzaSyDc1GdgUKSjOoXJx7aW1IaoIYORtFXflCU"
"71","E 23rd St, New York, NY","https://maps.googleapis.com/maps/api/staticmap?center=E%2023rd%20St%2C%20New%20York%2C%20NY&zoom=15&size=400x300&markers=color:red%7Clabel:★%7CE%2023rd%20St%2C%20New%20York%2C%20NY&style=feature:poi|visibility:off&key=AIzaSyDc1GdgUKSjOoXJx7aW1IaoIYORtFXflCU"
"72","1 Clarkson St & 7th Ave, New York, NY","https://maps.googleapis.com/maps/api/staticmap?center=1%20Clarkson%20St%20%26%207th%20Ave%2C%20New%20York%2C%20NY&zoom=15&size=400x300&markers=color:red%7Clabel:★%7C1%20Clarkson%20St%20%26%207th%20Ave%2C%20New%20York%2C%20NY&style=feature:poi|visibility:off&key=AIzaSyDc1GdgUKSjOoXJx7aW1IaoIYORtFXflCU"
"73","360 Schermerhorn St, Brooklyn, NY","https://maps.googleapis.com/maps/api/staticmap?center=360%20Schermerhorn%20St%2C%20Brooklyn%2C%20NY&zoom=15&size=400x300&markers=color:red%7Clabel:★%7C360%20Schermerhorn%20St%2C%20Brooklyn%2C%20NY&style=feature:poi|visibility:off&key=AIzaSyDc1GdgUKSjOoXJx7aW1IaoIYORtFXflCU"
"74","2759 Webster Ave, Bronx, NY","https://maps.googleapis.com/maps/api/staticmap?center=2759%20Webster%20Ave%2C%20Bronx%2C%20NY&zoom=15&size=400x300&markers=color:red%7Clabel:★%7C2759%20Webster%20Ave%2C%20Bronx%2C%20NY&style=feature:poi|visibility:off&key=AIzaSyDc1GdgUKSjOoXJx7aW1IaoIYORtFXflCU"
"75","227 Bowery, New York, NY","https://maps.googleapis.com/maps/api/staticmap?center=227%20Bowery%2C%20New%20York%2C%20NY&zoom=15&size=400x300&markers=color:red%7Clabel:★%7C227%20Bowery%2C%20New%20York%2C%20NY&style=feature:poi|visibility:off&key=AIzaSyDc1GdgUKSjOoXJx7aW1IaoIYORtFXflCU"
"76","251 West 80th St, New York, NY","https://maps.googleapis.com/maps/api/staticmap?center=251%20West%2080th%20St%2C%20New%20York%2C%20NY&zoom=15&size=400x300&markers=color:red%7Clabel:★%7C251%20West%2080th%20St%2C%20New%20York%2C%20NY&style=feature:poi|visibility:off&key=AIzaSyDc1GdgUKSjOoXJx7aW1IaoIYORtFXflCU"
"77","485 Hudson St, New York, NY","https://maps.googleapis.com/maps/api/staticmap?center=485%20Hudson%20St%2C%20New%20York%2C%20NY&zoom=15&size=400x300&markers=color:red%7Clabel:★%7C485%20Hudson%20St%2C%20New%20York%2C%20NY&style=feature:poi|visibility:off&key=AIzaSyDc1GdgUKSjOoXJx7aW1IaoIYORtFXflCU"
"78","108 E 51st St, New York, NY","https://maps.googleapis.com/maps/api/staticmap?center=108%20E%2051st%20St%2C%20New%20York%2C%20NY&zoom=15&size=400x300&markers=color:red%7Clabel:★%7C108%20E%2051st%20St%2C%20New%20York%2C%20NY&style=feature:poi|visibility:off&key=AIzaSyDc1GdgUKSjOoXJx7aW1IaoIYORtFXflCU"
"79","508 W 46th St, New York, NY","https://maps.googleapis.com/maps/api/staticmap?center=508%20W%2046th%20St%2C%20New%20York%2C%20NY&zoom=15&size=400x300&markers=color:red%7Clabel:★%7C508%20W%2046th%20St%2C%20New%20York%2C%20NY&style=feature:poi|visibility:off&key=AIzaSyDc1GdgUKSjOoXJx7aW1IaoIYORtFXflCU"
"80","2759 Webster Ave, Bronx, NY","https://maps.googleapis.com/maps/api/staticmap?center=2759%20Webster%20Ave%2C%20Bronx%2C%20NY&zoom=15&size=400x300&markers=color:red%7Clabel:★%7C2759%20Webster%20Ave%2C%20Bronx%2C%20NY&style=feature:poi|visibility:off&key=AIzaSyDc1GdgUKSjOoXJx7aW1IaoIYORtFXflCU"
"81","333 Hart St, Brooklyn, NY","https://maps.googleapis.com/maps/api/staticmap?center=333%20Hart%20St%2C%20Brooklyn%2C%20NY&zoom=15&size=400x300&markers=color:red%7Clabel:★%7C333%20Hart%20St%2C%20Brooklyn%2C%20NY&style=feature:poi|visibility:off&key=AIzaSyDc1GdgUKSjOoXJx7aW1IaoIYORtFXflCU"
"82","795 Lexington Ave, Brooklyn, NY","https://maps.googleapis.com/maps/api/staticmap?center=795%20Lexington%20Ave%2C%20Brooklyn%2C%20NY&zoom=15&size=400x300&markers=color:red%7Clabel:★%7C795%20Lexington%20Ave%2C%20Brooklyn%2C%20NY&style=feature:poi|visibility:off&key=AIzaSyDc1GdgUKSjOoXJx7aW1IaoIYORtFXflCU"
"83","2759 Webster Ave, Bronx, NY","https://maps.googleapis.com/maps/api/staticmap?center=2759%20Webster%20Ave%2C%20Bronx%2C%20NY&zoom=15&size=400x300&markers=color:red%7Clabel:★%7C2759%20Webster%20Ave%2C%20Bronx%2C%20NY&style=feature:poi|visibility:off&key=AIzaSyDc1GdgUKSjOoXJx7aW1IaoIYORtFXflCU"
"84","Citywide - call in",""
"85","Phone/Text — Citywide",""
"86","Phone — Citywide",""
"87","Phone — Citywide",""
"88","Phone — Citywide",""
"89","Phone — Citywide",""
"90","Phone — Citywide",""
"91","Phone — Citywide",""
"92","Phone/Online — Citywide",""
"93","Online — Citywide",""
"94","Phone — Citywide",""
"95","41st Ave and 103rd St, Queens, NY","https://maps.googleapis.com/maps/api/staticmap?center=41st%20Ave%20and%20103rd%20St%2C%20Queens%2C%20NY&zoom=15&size=400x300&markers=color:red%7Clabel:★%7C41st%20Ave%20and%20103rd%20St%2C%20Queens%2C%20NY&style=feature:poi|visibility:off&key=AIzaSyDc1GdgUKSjOoXJx7aW1IaoIYORtFXflCU"
"96","Broadway and 45th Ave, Queens, NY","https://maps.googleapis.com/maps/api/staticmap?center=Broadway%20and%2045th%20Ave%2C%20Queens%2C%20NY&zoom=15&size=400x300&markers=color:red%7Clabel:★%7CBroadway%20and%2045th%20Ave%2C%20Queens%2C%20NY&style=feature:poi|visibility:off&key=AIzaSyDc1GdgUKSjOoXJx7aW1IaoIYORtFXflCU"
"97","41st Ave btw 79th and 80th St, Queens, NY","https://maps.googleapis.com/maps/api/staticmap?center=41st%20Ave%20btw%2079th%20and%2080th%20St%2C%20Queens%2C%20NY&zoom=15&size=400x300&markers=color:red%7Clabel:★%7C41st%20Ave%20btw%2079th%20and%2080th%20St%2C%20Queens%2C%20NY&style=feature:poi|visibility:off&key=AIzaSyDc1GdgUKSjOoXJx7aW1IaoIYORtFXflCU"
"98","Between 160th St and Union Hall St, Queens, NY","https://maps.googleapis.com/maps/api/staticmap?center=Between%20160th%20St%20and%20Union%20Hall%20St%2C%20Queens%2C%20NY&zoom=15&size=400x300&markers=color:red%7Clabel:★%7CBetween%20160th%20St%20and%20Union%20Hall%20St%2C%20Queens%2C%20NY&style=feature:poi|visibility:off&key=AIzaSyDc1GdgUKSjOoXJx7aW1IaoIYORtFXflCU"
"99","147th St and Willis Ave, Bronx, NY","https://maps.googleapis.com/maps/api/staticmap?center=147th%20St%20and%20Willis%20Ave%2C%20Bronx%2C%20NY&zoom=15&size=400x300&markers=color:red%7Clabel:★%7C147th%20St%20and%20Willis%20Ave%2C%20Bronx%2C%20NY&style=feature:poi|visibility:off&key=AIzaSyDc1GdgUKSjOoXJx7aW1IaoIYORtFXflCU"
"100","226 E 144th St, Bronx, NY","https://maps.googleapis.com/maps/api/staticmap?center=226%20E%20144th%20St%2C%20Bronx%2C%20NY&zoom=15&size=400x300&markers=color:red%7Clabel:★%7C226%20E%20144th%20St%2C%20Bronx%2C%20NY&style=feature:poi|visibility:off&key=AIzaSyDc1GdgUKSjOoXJx7aW1IaoIYORtFXflCU"
"101","East Tremont Ave, Bronx, NY","https://maps.googleapis.com/maps/api/staticmap?center=East%20Tremont%20Ave%2C%20Bronx%2C%20NY&zoom=15&size=400x300&markers=color:red%7Clabel:★%7CEast%20Tremont%20Ave%2C%20Bronx%2C%20NY&style=feature:poi|visibility:off&key=AIzaSyDc1GdgUKSjOoXJx7aW1IaoIYORtFXflCU"
"102","1938 Webster Ave, Bronx, NY","https://maps.googleapis.com/maps/api/staticmap?center=1938%20Webster%20Ave%2C%20Bronx%2C%20NY&zoom=15&size=400x300&markers=color:red%7Clabel:★%7C1938%20Webster%20Ave%2C%20Bronx%2C%20NY&style=feature:poi|visibility:off&key=AIzaSyDc1GdgUKSjOoXJx7aW1IaoIYORtFXflCU"
"103","Beaver St btw Fayette St and Ellery St, Brooklyn, NY","https://maps.googleapis.com/maps/api/staticmap?center=Beaver%20St%20btw%20Fayette%20St%20and%20Ellery%20St%2C%20Brooklyn%2C%20NY&zoom=15&size=400x300&markers=color:red%7Clabel:★%7CBeaver%20St%20btw%20Fayette%20St%20and%20Ellery%20St%2C%20Brooklyn%2C%20NY&style=feature:poi|visibility:off&key=AIzaSyDc1GdgUKSjOoXJx7aW1IaoIYORtFXflCU"
"104","Havemeyer St btw South 5th St and Broadway, Brooklyn, NY","https://maps.googleapis.com/maps/api/staticmap?center=Havemeyer%20St%20btw%20South%205th%20St%20and%20Broadway%2C%20Brooklyn%2C%20NY&zoom=15&size=400x300&markers=color:red%7Clabel:★%7CHavemeyer%20St%20btw%20South%205th%20St%20and%20Broadway%2C%20Brooklyn%2C%20NY&style=feature:poi|visibility:off&key=AIzaSyDc1GdgUKSjOoXJx7aW1IaoIYORtFXflCU"
"105","Hart St btw Broadway and Stuyvesant Ave, Brooklyn, NY","https://maps.googleapis.com/maps/api/staticmap?center=Hart%20St%20btw%20Broadway%20and%20Stuyvesant%20Ave%2C%20Brooklyn%2C%20NY&zoom=15&size=400x300&markers=color:red%7Clabel:★%7CHart%20St%20btw%20Broadway%20and%20Stuyvesant%20Ave%2C%20Brooklyn%2C%20NY&style=feature:poi|visibility:off&key=AIzaSyDc1GdgUKSjOoXJx7aW1IaoIYORtFXflCU"
"106","988 Myrtle Ave, Brooklyn, NY","https://maps.googleapis.com/maps/api/staticmap?center=988%20Myrtle%20Ave%2C%20Brooklyn%2C%20NY&zoom=15&size=400x300&markers=color:red%7Clabel:★%7C988%20Myrtle%20Ave%2C%20Brooklyn%2C%20NY&style=feature:poi|visibility:off&key=AIzaSyDc1GdgUKSjOoXJx7aW1IaoIYORtFXflCU"
"107","Delancey St btw Forsyth St and Chrystie St, Manhattan, NY","https://maps.googleapis.com/maps/api/staticmap?center=Delancey%20St%20btw%20Forsyth%20St%20and%20Chrystie%20St%2C%20Manhattan%2C%20NY&zoom=15&size=400x300&markers=color:red%7Clabel:★%7CDelancey%20St%20btw%20Forsyth%20St%20and%20Chrystie%20St%2C%20Manhattan%2C%20NY&style=feature:poi|visibility:off&key=AIzaSyDc1GdgUKSjOoXJx7aW1IaoIYORtFXflCU"
"108","28th St btw 9th and 10th Ave, Manhattan, NY","https://maps.googleapis.com/maps/api/staticmap?center=28th%20St%20btw%209th%20and%2010th%20Ave%2C%20Manhattan%2C%20NY&zoom=15&size=400x300&markers=color:red%7Clabel:★%7C28th%20St%20btw%209th%20and%2010th%20Ave%2C%20Manhattan%2C%20NY&style=feature:poi|visibility:off&key=AIzaSyDc1GdgUKSjOoXJx7aW1IaoIYORtFXflCU"
"109","Mount Morris Park West btw W 122nd and W 122nd St, Manhattan, NY","https://maps.googleapis.com/maps/api/staticmap?center=Mount%20Morris%20Park%20West%20btw%20W%20122nd%20and%20W%20122nd%20St%2C%20Manhattan%2C%20NY&zoom=15&size=400x300&markers=color:red%7Clabel:★%7CMount%20Morris%20Park%20West%20btw%20W%20122nd%20and%20W%20122nd%20St%2C%20Manhattan%2C%20NY&style=feature:poi|visibility:off&key=AIzaSyDc1GdgUKSjOoXJx7aW1IaoIYORtFXflCU"
"110","113 E 60th St, New York, NY 10022","https://maps.googleapis.com/maps/api/staticmap?center=113%20E%2060th%20St%2C%20New%20York%2C%20NY%2010022&zoom=15&size=400x300&markers=color:red%7Clabel:★%7C113%20E%2060th%20St%2C%20New%20York%2C%20NY%2010022&style=feature:poi|visibility:off&key=AIzaSyDc1GdgUKSjOoXJx7aW1IaoIYORtFXflCU"